Variable_Name,Description,Original_Data_Type,Final_Data_Type,Variable_Role,Missing_Count,Missing_Percentage,Unique_Count,Example_Values,Cleaning_Action,Transformation
Row ID,Unique numerical identifier assigned to each row/transaction line item,numeric,integer,Primary Key,0,0.00%,9994,"1, 2, 3",Retained,None
Order ID,Alphanumeric order identifier grouping multiple line items purchased together,character,character,Grouping Key,0,0.00%,5009,"CA-2013-152156, US-2012-108966",Validated line items,None
Order Date,Calendar date on which the customer placed the commercial order,character,Date,Temporal Feature,0,0.00%,1238,"09-11-2013, 13-06-2013",Parsed via dmy(),as.Date(dmy)
Ship Date,Calendar date on which the order departed the logistics fulfillment warehouse,character,Date,Temporal Feature,0,0.00%,1334,"12-11-2013, 17-06-2013",Parsed via dmy(),as.Date(dmy)
Ship Mode,Delivery speed tier selected by the customer for order transportation,character,factor (ordered),Logistics Factor,0,0.00%,4,"Standard Class, Second Class",Converted to ordered factor,factor(levels)
Customer ID,Unique alphanumeric identifier assigned to individual and business accounts,character,character,Account Identifier,0,0.00%,793,"CG-12520, DV-13045",Validated format,None
Customer Name,Full legal or commercial name of the purchasing customer or enterprise client,character,character,Descriptive Text,0,0.00%,793,"Claire Gute, Darrin Van Huff",Applied trimws(),trimws()
Segment,Market segmentation classification of the purchasing entity,character,factor,Categorical Predictor,0,0.00%,3,"Consumer, Corporate, Home Office",Converted to factor,factor()
Country,Country of transaction destination (United States across all records),character,character,Scope Constant,0,0.00%,1,United States,Validated constant,None
City,Municipality / city of delivery destination,character,character,Geographic Attribute,0,0.00%,531,"Henderson, Los Angeles, Seattle",Applied trimws(),trimws()
State,US State of delivery destination,character,factor,Geographic Factor,0,0.00%,49,"Kentucky, California, New York",Converted to factor,factor()
Postal Code,Five-digit US Postal ZIP Code for delivery routing,character,character (padded 5-digit),Spatial Routing Key,0,0.00%,631,"42420, 90036, 05408",Padded with leading zeroes,sprintf('%05s')
Region,Macro-geographic operational region within the United States,character,factor,Regional Factor,0,0.00%,4,"South, West, Central, East",Converted to factor,factor()
Product ID,Unique stock keeping unit (SKU) product catalog identifier,character,character,Inventory Key,0,0.00%,1862,"FUR-BO-10001798, TEC-PH-10001949",Validated SKU format,None
Category,Broadest merchandise category classification,character,factor,Core Categorical Predictor,0,0.00%,3,"Furniture, Office Supplies, Technology",Converted to factor,factor()
Sub-Category,Detailed product sub-category / department classification,character,factor,Granular Categorical Predictor,0,0.00%,17,"Bookcases, Chairs, Copiers, Tables",Converted to factor,factor()
Product Name,Commercial brand and product catalog title of the merchandise,character,character,Descriptive Text,0,0.00%,1841,Bush Somerset Collection Bookcase,Applied trimws(),trimws()
Sales,Gross transaction revenue in US Dollars generated by the line item,numeric,numeric (double),Continuous Target / Measure,0,0.00%,5825,"$261.96, $731.94, $14.62",Validated min > 0,log10(Sales) for modeling
Quantity,Number of physical units of the product purchased in the transaction,numeric,integer,Volume Measure,0,0.00%,14,"2, 3, 5, 9",Validated integer 1-14,as.integer()
Discount,Promotional discount percentage rate applied to the transaction,numeric,numeric (double),Promotional Measure,0,0.00%,12,"0.00, 0.20, 0.70, 0.80",Validated range 0.0-0.8,Discretized into Discount_Band
Profit,Net financial profit or commercial loss in US Dollars resulting from the line item,numeric,numeric (double),Financial Target / Measure,0,0.00%,7287,"$41.91, $219.58, -$6,599.98",Validated negative losses,Profit_Margin = Profit/Sales*100
