Metric_Name,Metric_Value
raw_rows,9994
raw_cols,21
cleaned_rows,9994
cleaned_cols,33
analysis_ready_cols,59
unique_orders,5009
unique_customers,793
unique_skus,1862
missing_cells,0
missing_pct,0
exact_duplicates,0
total_gross_sales,2297200.86
total_net_profit,286397.02
overall_profit_margin,12.47
mean_sales,229.86
median_sales,54.49
max_sales,22638.48
mean_profit,28.66
median_profit,8.67
min_profit,-6599.98
max_profit,8399.98
loss_transaction_count,1871
loss_transaction_pct,18.72
tech_sales,836154.03
tech_profit,145454.95
tech_margin,17.4
furn_sales,741999.8
furn_profit,18451.27
furn_margin,2.49
office_sales,719047.03
office_profit,122490.8
office_margin,17.04
west_sales,725457.82
west_profit,108418.45
west_margin,14.94
central_sales,501239.89
central_profit,39706.36
central_margin,7.92
pearson_disc_prof,-0.2195
spearman_disc_prof,-0.5434
pearson_sales_prof,0.4791
